{"options":{"awareOfChrome":false,"check_for_updates":true,"comment":null,"compat_arrayleft":false,"compat_foreach":false,"compat_forvarin":false,"compat_metadata":false,"compat_uW_gmonkey":false,"compat_wrappedjsobject":false,"compatopts_for_requires":true,"noframes":null,"override":{"merge_connects":true,"merge_excludes":true,"merge_includes":true,"merge_matches":true,"orig_connects":["dailymotion.com","vimeo.com","cloudy.ec","novamov.com","soundcloud.com","youtube.com","ytimg.com","*"],"orig_excludes":[],"orig_includes":["http://*","https://*"],"orig_matches":[],"orig_noframes":null,"orig_run_at":"document-start","use_blockers":[],"use_connects":[],"use_excludes":[],"use_includes":[],"use_matches":[]},"run_at":null},"settings":{"enabled":false,"position":27},"meta":{"name":"KeepVid Helper","uuid":"0ee4b33f-7290-4adc-a8f8-2da29478b91e","modified":1491001957721,"file_url":"http://keepvid.com/userscript/keepvid-helper.user.js"}}